map_id	name
0	attribute_0
1	attribute_1
2	attribute_2
3	attribute_3
4	attribute_4
5	attribute_5
6	attribute_6
7	attribute_7
8	attribute_8
9	attribute_9
10	attribute_10
11	attribute_11
12	attribute_12
13	attribute_13
14	attribute_14
15	attribute_15
16	attribute_16
17	attribute_17
18	attribute_18
19	attribute_19
20	attribute_20
21	attribute_21
22	attribute_22
23	attribute_23
24	attribute_24
25	attribute_25
26	attribute_26
27	attribute_27
28	attribute_28
29	attribute_29
30	attribute_30
31	attribute_31
32	attribute_32
33	attribute_33
34	attribute_34
35	attribute_35
36	attribute_36
37	attribute_37
38	attribute_38
39	attribute_39
40	attribute_40
41	attribute_41
42	attribute_42
43	attribute_43
44	attribute_44
45	attribute_45
46	attribute_46
47	attribute_47
48	attribute_48
49	attribute_49
50	attribute_50
51	attribute_51
52	attribute_52
53	attribute_53
54	attribute_54
55	attribute_55
56	attribute_56
57	attribute_57
58	attribute_58
59	attribute_59
60	attribute_60
61	attribute_61
62	attribute_62
63	attribute_63
64	attribute_64
65	attribute_65
66	attribute_66
67	attribute_67
68	attribute_68
69	attribute_69
70	attribute_70
71	attribute_71
72	attribute_72
73	attribute_73
74	attribute_74
75	attribute_75
76	attribute_76
77	attribute_77
78	attribute_78
79	attribute_79
80	attribute_80
81	attribute_81
82	attribute_82
83	attribute_83
84	attribute_84
85	attribute_85
86	attribute_86
87	attribute_87
88	attribute_88
89	attribute_89
90	attribute_90
91	attribute_91
92	attribute_92
93	attribute_93
94	attribute_94
95	attribute_95
96	attribute_96
97	attribute_97
98	attribute_98
99	attribute_99
100	attribute_100
101	attribute_101
102	attribute_102
103	attribute_103
104	attribute_104
105	attribute_105
106	attribute_106
107	attribute_107
108	attribute_108
109	attribute_109
110	attribute_110
111	attribute_111
112	attribute_112
113	attribute_113
114	attribute_114
115	attribute_115
116	attribute_116
117	attribute_117
118	attribute_118
119	attribute_119
120	attribute_120
121	attribute_121
122	attribute_122
123	attribute_123
124	attribute_124
125	attribute_125
126	attribute_126
127	attribute_127
128	attribute_128
129	attribute_129
130	attribute_130
131	attribute_131
132	attribute_132
133	attribute_133
134	attribute_134
135	attribute_135
136	attribute_136
137	attribute_137
138	attribute_138
139	attribute_139
140	attribute_140
141	attribute_141
142	attribute_142
143	attribute_143
144	attribute_144
145	attribute_145
146	attribute_146
147	attribute_147
148	attribute_148
149	attribute_149
150	attribute_150
151	attribute_151
152	attribute_152
153	attribute_153
154	attribute_154
155	attribute_155
156	attribute_156
157	attribute_157
158	attribute_158
159	attribute_159
160	attribute_160
161	attribute_161
162	attribute_162
163	attribute_163
164	attribute_164
165	attribute_165
166	attribute_166
167	attribute_167
168	attribute_168
169	attribute_169
170	attribute_170
171	attribute_171
172	attribute_172
173	attribute_173
174	attribute_174
175	attribute_175
176	attribute_176
177	attribute_177
178	attribute_178
179	attribute_179
180	attribute_180
181	attribute_181
182	attribute_182
183	attribute_183
184	attribute_184
185	attribute_185
186	attribute_186
187	attribute_187
188	attribute_188
189	attribute_189
190	attribute_190
191	attribute_191
192	attribute_192
193	attribute_193
194	attribute_194
195	attribute_195
196	attribute_196
197	attribute_197
198	attribute_198
199	attribute_199
200	attribute_200
201	attribute_201
202	attribute_202
203	attribute_203
204	attribute_204
205	attribute_205
206	attribute_206
207	attribute_207
208	attribute_208
209	attribute_209
210	attribute_210
211	attribute_211
212	attribute_212
213	attribute_213
214	attribute_214
215	attribute_215
216	attribute_216
217	attribute_217
218	attribute_218
219	attribute_219
220	attribute_220
221	attribute_221
222	attribute_222
223	attribute_223
224	attribute_224
225	attribute_225
226	attribute_226
227	attribute_227
228	attribute_228
229	attribute_229
230	attribute_230
231	attribute_231
232	attribute_232
233	attribute_233
234	attribute_234
235	attribute_235
236	attribute_236
237	attribute_237
238	attribute_238
239	attribute_239
240	attribute_240
241	attribute_241
242	attribute_242
243	attribute_243
244	attribute_244
245	attribute_245
246	attribute_246
247	attribute_247
248	attribute_248
249	attribute_249
250	attribute_250
251	attribute_251
252	attribute_252
253	attribute_253
254	attribute_254
255	attribute_255
256	attribute_256
257	attribute_257
258	attribute_258
259	attribute_259
260	attribute_260
261	attribute_261
262	attribute_262
263	attribute_263
264	attribute_264
265	attribute_265
266	attribute_266
267	attribute_267
268	attribute_268
269	attribute_269
270	attribute_270
271	attribute_271
272	attribute_272
273	attribute_273
274	attribute_274
275	attribute_275
276	attribute_276
277	attribute_277
278	attribute_278
279	attribute_279
280	attribute_280
281	attribute_281
282	attribute_282
283	attribute_283
284	attribute_284
285	attribute_285
286	attribute_286
287	attribute_287
288	attribute_288
289	attribute_289
290	attribute_290
291	attribute_291
292	attribute_292
293	attribute_293
294	attribute_294
295	attribute_295
296	attribute_296
297	attribute_297
298	attribute_298
299	attribute_299
300	attribute_300
301	attribute_301
302	attribute_302
303	attribute_303
304	attribute_304
305	attribute_305
306	attribute_306
307	attribute_307
308	attribute_308
309	attribute_309
310	attribute_310
311	attribute_311
312	attribute_312
313	attribute_313
314	attribute_314
315	attribute_315
316	attribute_316
317	attribute_317
318	attribute_318
319	attribute_319
320	attribute_320
321	attribute_321
322	attribute_322
323	attribute_323
324	attribute_324
325	attribute_325
326	attribute_326
327	attribute_327
328	attribute_328
329	attribute_329
330	attribute_330
331	attribute_331
332	attribute_332
333	attribute_333
334	attribute_334
335	attribute_335
336	attribute_336
337	attribute_337
338	attribute_338
339	attribute_339
340	attribute_340
341	attribute_341
342	attribute_342
343	attribute_343
344	attribute_344
345	attribute_345
346	attribute_346
347	attribute_347
348	attribute_348
349	attribute_349
350	attribute_350
351	attribute_351
352	attribute_352
353	attribute_353
354	attribute_354
355	attribute_355
356	attribute_356
357	attribute_357
358	attribute_358
359	attribute_359
360	attribute_360
361	attribute_361
362	attribute_362
363	attribute_363
364	attribute_364
365	attribute_365
366	attribute_366
367	attribute_367
368	attribute_368
369	attribute_369
370	attribute_370
371	attribute_371
372	attribute_372
373	attribute_373
374	attribute_374
375	attribute_375
376	attribute_376
377	attribute_377
378	attribute_378
379	attribute_379
380	attribute_380
381	attribute_381
382	attribute_382
383	attribute_383
384	attribute_384
385	attribute_385
386	attribute_386
387	attribute_387
388	attribute_388
389	attribute_389
390	attribute_390
391	attribute_391
392	attribute_392
393	attribute_393
394	attribute_394
395	attribute_395
396	attribute_396
397	attribute_397
398	attribute_398
399	attribute_399
400	attribute_400
401	attribute_401
402	attribute_402
403	attribute_403
404	attribute_404
405	attribute_405
406	attribute_406
407	attribute_407
408	attribute_408
409	attribute_409
410	attribute_410
411	attribute_411
412	attribute_412
413	attribute_413
414	attribute_414
415	attribute_415
416	attribute_416
417	attribute_417
418	attribute_418
419	attribute_419
420	attribute_420
421	attribute_421
422	attribute_422
423	attribute_423
424	attribute_424
425	attribute_425
426	attribute_426
427	attribute_427
428	attribute_428
429	attribute_429
430	attribute_430
431	attribute_431
432	attribute_432
433	attribute_433
434	attribute_434
435	attribute_435
436	attribute_436
437	attribute_437
438	attribute_438
439	attribute_439
440	attribute_440
441	attribute_441
442	attribute_442
443	attribute_443
444	attribute_444
445	attribute_445
446	attribute_446
447	attribute_447
448	attribute_448
449	attribute_449
450	attribute_450
451	attribute_451
452	attribute_452
453	attribute_453
454	attribute_454
455	attribute_455
456	attribute_456
457	attribute_457
458	attribute_458
459	attribute_459
460	attribute_460
461	attribute_461
462	attribute_462
463	attribute_463
464	attribute_464
465	attribute_465
466	attribute_466
467	attribute_467
468	attribute_468
469	attribute_469
470	attribute_470
471	attribute_471
472	attribute_472
473	attribute_473
474	attribute_474
475	attribute_475
476	attribute_476
477	attribute_477
478	attribute_478
479	attribute_479
480	attribute_480
481	attribute_481
482	attribute_482
483	attribute_483
484	attribute_484
485	attribute_485
486	attribute_486
487	attribute_487
488	attribute_488
489	attribute_489
490	attribute_490
491	attribute_491
492	attribute_492
493	attribute_493
494	attribute_494
495	attribute_495
496	attribute_496
497	attribute_497
498	attribute_498
499	attribute_499
500	attribute_500
501	attribute_501
502	attribute_502
503	attribute_503
504	attribute_504
505	attribute_505
506	attribute_506
507	attribute_507
508	attribute_508
509	attribute_509
510	attribute_510
511	attribute_511
512	attribute_512
513	attribute_513
514	attribute_514
515	attribute_515
516	attribute_516
517	attribute_517
518	attribute_518
519	attribute_519
520	attribute_520
521	attribute_521
522	attribute_522
523	attribute_523
524	attribute_524
525	attribute_525
526	attribute_526
527	attribute_527
528	attribute_528
529	attribute_529
530	attribute_530
531	attribute_531
532	attribute_532
533	attribute_533
534	attribute_534
535	attribute_535
536	attribute_536
537	attribute_537
538	attribute_538
539	attribute_539
540	attribute_540
541	attribute_541
542	attribute_542
543	attribute_543
544	attribute_544
545	attribute_545
546	attribute_546
547	attribute_547
548	attribute_548
549	attribute_549
550	attribute_550
551	attribute_551
552	attribute_552
553	attribute_553
554	attribute_554
555	attribute_555
556	attribute_556
557	attribute_557
558	attribute_558
559	attribute_559
560	attribute_560
561	attribute_561
562	attribute_562
563	attribute_563
564	attribute_564
565	attribute_565
566	attribute_566
567	attribute_567
568	attribute_568
569	attribute_569
570	attribute_570
571	attribute_571
572	attribute_572
573	attribute_573
574	attribute_574
575	attribute_575
576	attribute_576
577	attribute_577
578	attribute_578
579	attribute_579
580	attribute_580
581	attribute_581
582	attribute_582
583	attribute_583
584	attribute_584
585	attribute_585
586	attribute_586
587	attribute_587
588	attribute_588
589	attribute_589
590	attribute_590
591	attribute_591
592	attribute_592
593	attribute_593
594	attribute_594
595	attribute_595
596	attribute_596
597	attribute_597
598	attribute_598
599	attribute_599
600	attribute_600
601	attribute_601
602	attribute_602
603	attribute_603
604	attribute_604
605	attribute_605
606	attribute_606
607	attribute_607
608	attribute_608
609	attribute_609
610	attribute_610
611	attribute_611
612	attribute_612
613	attribute_613
614	attribute_614
615	attribute_615
616	attribute_616
617	attribute_617
618	attribute_618
619	attribute_619
620	attribute_620
621	attribute_621
622	attribute_622
623	attribute_623
624	attribute_624
625	attribute_625
626	attribute_626
627	attribute_627
628	attribute_628
629	attribute_629
630	attribute_630
631	attribute_631
632	attribute_632
633	attribute_633
634	attribute_634
635	attribute_635
636	attribute_636
637	attribute_637
638	attribute_638
639	attribute_639
640	attribute_640
641	attribute_641
642	attribute_642
643	attribute_643
644	attribute_644
645	attribute_645
646	attribute_646
647	attribute_647
648	attribute_648
649	attribute_649
650	attribute_650
651	attribute_651
652	attribute_652
653	attribute_653
654	attribute_654
655	attribute_655
656	attribute_656
657	attribute_657
658	attribute_658
659	attribute_659
660	attribute_660
661	attribute_661
662	attribute_662
663	attribute_663
664	attribute_664
665	attribute_665
666	attribute_666
667	attribute_667
668	attribute_668
669	attribute_669
670	attribute_670
671	attribute_671
672	attribute_672
673	attribute_673
674	attribute_674
675	attribute_675
676	attribute_676
677	attribute_677
678	attribute_678
679	attribute_679
680	attribute_680
681	attribute_681
682	attribute_682
683	attribute_683
684	attribute_684
685	attribute_685
686	attribute_686
687	attribute_687
688	attribute_688
689	attribute_689
690	attribute_690
691	attribute_691
692	attribute_692
693	attribute_693
694	attribute_694
695	attribute_695
696	attribute_696
697	attribute_697
698	attribute_698
699	attribute_699
700	attribute_700
701	attribute_701
702	attribute_702
703	attribute_703
704	attribute_704
705	attribute_705
706	attribute_706
707	attribute_707
708	attribute_708
709	attribute_709
710	attribute_710
711	attribute_711
712	attribute_712
713	attribute_713
714	attribute_714
715	attribute_715
716	attribute_716
717	attribute_717
718	attribute_718
719	attribute_719
720	attribute_720
721	attribute_721
722	attribute_722
723	attribute_723
724	attribute_724
725	attribute_725
726	attribute_726
727	attribute_727
728	attribute_728
729	attribute_729
730	attribute_730
731	attribute_731
732	attribute_732
733	attribute_733
734	attribute_734
735	attribute_735
736	attribute_736
737	attribute_737
738	attribute_738
739	attribute_739
740	attribute_740
741	attribute_741
742	attribute_742
743	attribute_743
744	attribute_744
745	attribute_745
746	attribute_746
747	attribute_747
748	attribute_748
749	attribute_749
750	attribute_750
751	attribute_751
752	attribute_752
753	attribute_753
754	attribute_754
755	attribute_755
756	attribute_756
757	attribute_757
758	attribute_758
759	attribute_759
760	attribute_760
761	attribute_761
762	attribute_762
763	attribute_763
764	attribute_764
765	attribute_765
766	attribute_766
767	attribute_767
768	attribute_768
769	attribute_769
770	attribute_770
771	attribute_771
772	attribute_772
773	attribute_773
774	attribute_774
775	attribute_775
776	attribute_776
777	attribute_777
778	attribute_778
779	attribute_779
780	attribute_780
781	attribute_781
782	attribute_782
783	attribute_783
784	attribute_784
785	attribute_785
786	attribute_786
787	attribute_787
788	attribute_788
789	attribute_789
790	attribute_790
791	attribute_791
792	attribute_792
793	attribute_793
794	attribute_794
795	attribute_795
796	attribute_796
797	attribute_797
798	attribute_798
799	attribute_799
800	attribute_800
801	attribute_801
802	attribute_802
803	attribute_803
804	attribute_804
805	attribute_805
806	attribute_806
807	attribute_807
808	attribute_808
809	attribute_809
810	attribute_810
811	attribute_811
812	attribute_812
813	attribute_813
814	attribute_814
815	attribute_815
816	attribute_816
817	attribute_817
818	attribute_818
819	attribute_819
820	attribute_820
821	attribute_821
822	attribute_822
823	attribute_823
824	attribute_824
825	attribute_825
826	attribute_826
827	attribute_827
828	attribute_828
829	attribute_829
830	attribute_830
831	attribute_831
832	attribute_832
833	attribute_833
834	attribute_834
835	attribute_835
836	attribute_836
837	attribute_837
838	attribute_838
839	attribute_839
840	attribute_840
841	attribute_841
842	attribute_842
843	attribute_843
844	attribute_844
845	attribute_845
846	attribute_846
847	attribute_847
848	attribute_848
849	attribute_849
850	attribute_850
851	attribute_851
852	attribute_852
853	attribute_853
854	attribute_854
855	attribute_855
856	attribute_856
857	attribute_857
858	attribute_858
859	attribute_859
860	attribute_860
861	attribute_861
862	attribute_862
863	attribute_863
864	attribute_864
865	attribute_865
866	attribute_866
867	attribute_867
868	attribute_868
869	attribute_869
870	attribute_870
871	attribute_871
872	attribute_872
873	attribute_873
874	attribute_874
875	attribute_875
876	attribute_876
877	attribute_877
878	attribute_878
879	attribute_879
880	attribute_880
881	attribute_881
882	attribute_882
883	attribute_883
884	attribute_884
885	attribute_885
886	attribute_886
887	attribute_887
888	attribute_888
889	attribute_889
890	attribute_890
891	attribute_891
892	attribute_892
893	attribute_893
894	attribute_894
895	attribute_895
896	attribute_896
897	attribute_897
898	attribute_898
899	attribute_899
900	attribute_900
901	attribute_901
902	attribute_902
903	attribute_903
904	attribute_904
905	attribute_905
906	attribute_906
907	attribute_907
908	attribute_908
909	attribute_909
910	attribute_910
911	attribute_911
912	attribute_912
913	attribute_913
914	attribute_914
915	attribute_915
916	attribute_916
917	attribute_917
918	attribute_918
919	attribute_919
920	attribute_920
921	attribute_921
922	attribute_922
923	attribute_923
924	attribute_924
925	attribute_925
926	attribute_926
927	attribute_927
928	attribute_928
929	attribute_929
930	attribute_930
931	attribute_931
932	attribute_932
933	attribute_933
934	attribute_934
935	attribute_935
936	attribute_936
937	attribute_937
938	attribute_938
939	attribute_939
940	attribute_940
941	attribute_941
942	attribute_942
943	attribute_943
944	attribute_944
945	attribute_945
946	attribute_946
947	attribute_947
948	attribute_948
949	attribute_949
950	attribute_950
951	attribute_951
952	attribute_952
953	attribute_953
954	attribute_954
955	attribute_955
956	attribute_956
957	attribute_957
958	attribute_958
959	attribute_959
960	attribute_960
961	attribute_961
962	attribute_962
963	attribute_963
964	attribute_964
965	attribute_965
966	attribute_966
967	attribute_967
968	attribute_968
969	attribute_969
970	attribute_970
971	attribute_971
972	attribute_972
973	attribute_973
974	attribute_974
975	attribute_975
976	attribute_976
977	attribute_977
978	attribute_978
979	attribute_979
980	attribute_980
981	attribute_981
